[{"user_id":1,"username":"rcacacie0","email":"khuddles0@blinklist.com","password":"eF1''h@6.Bhfc?KO","address":"198 Barnett Crossing"},
{"user_id":2,"username":"astollhofer1","email":"aletherbury1@gmpg.org","password":"wY0_MZ{>i2","address":"560 Hanover Drive"},
{"user_id":3,"username":"ctrass2","email":"vgettens2@google.nl","password":"jQ6(@o8IVK+8c","address":"563 Anzinger Alley"},
{"user_id":4,"username":"rpagel3","email":"hmcgeaney3@geocities.jp","password":"dP5'Z>z_l<zb","address":"41971 Dawn Plaza"},
{"user_id":5,"username":"jtocknell4","email":"mduxbarry4@apache.org","password":"yS5}mV.Owe+","address":"59 Arapahoe Road"},
{"user_id":6,"username":"jdensell5","email":"dpetheridge5@boston.com","password":"tE4<I9ki4$R3z","address":"324 Everett Street"},
{"user_id":7,"username":"lgatus6","email":"agorick6@wikia.com","password":"uH7$'U5?o<V<$)","address":"82 Bonner Place"},
{"user_id":8,"username":"cvegas7","email":"fdehaven7@blogspot.com","password":"kE9##&I4Mvn>4","address":"6386 Chive Street"},
{"user_id":9,"username":"cmeryett8","email":"aturone8@bizjournals.com","password":"wO2/\"qx1R/K&P7","address":"8 Stuart Terrace"},
{"user_id":10,"username":"rmessom9","email":"mferrelli9@wordpress.org","password":"xL4@|\\@aa8xZ","address":"2 Surrey Drive"},
{"user_id":11,"username":"hperrisa","email":"ctapea@yahoo.com","password":"dG5!s2fe\\o'*L","address":"880 Talmadge Circle"},
{"user_id":12,"username":"kbaudouxb","email":"ukinderb@nationalgeographic.com","password":"kA2~AUP!`","address":"7 Crownhardt Plaza"},
{"user_id":13,"username":"jkollachc","email":"pdearanc@google.com","password":"iF3<R!rAcaUA9","address":"6054 Dennis Terrace"},
{"user_id":14,"username":"celesd","email":"cdikled@soundcloud.com","password":"zA0\"*SQ2f","address":"62 Cherokee Trail"},
{"user_id":15,"username":"dgrzelewskie","email":"mdobere@amazonaws.com","password":"gJ4}8Hcdpj/)","address":"99 Arkansas Pass"}]