[
	{
		"company": "Commodo Associates",
		"country": "Russian Federation",
		"text": "pharetra, felis eget varius ultrices, mauris ipsum porta elit, a",
		"url": "http://bbc.co.uk",
		"cvv": 852,
		"rut": "3762379-2"
	},
	{
		"company": "Aliquam Nisl Nulla Corporation",
		"country": "Brazil",
		"text": "consectetuer rhoncus. Nullam velit dui, semper et, lacinia vitae, sodales",
		"url": "https://yahoo.com",
		"cvv": 206,
		"rut": "48292488-3"
	},
	{
		"company": "Vulputate Posuere Vulputate Incorporated",
		"country": "United Kingdom",
		"text": "arcu iaculis enim, sit amet ornare lectus justo eu arcu.",
		"url": "http://pinterest.com",
		"cvv": 167,
		"rut": "41206678-2"
	},
	{
		"company": "Ipsum Leo Corporation",
		"country": "Austria",
		"text": "Morbi metus. Vivamus euismod urna. Nullam lobortis quam a felis",
		"url": "http://baidu.com",
		"cvv": 148,
		"rut": "1669395-2"
	},
	{
		"company": "Nisi Nibh Lacinia PC",
		"country": "India",
		"text": "dictum eu, placerat eget, venenatis a, magna. Lorem ipsum dolor",
		"url": "https://guardian.co.uk",
		"cvv": 862,
		"rut": "33426303-7"
	},
	{
		"company": "Lorem Ipsum LLC",
		"country": "Costa Rica",
		"text": "vel, faucibus id, libero. Donec consectetuer mauris id sapien. Cras",
		"url": "http://facebook.com",
		"cvv": 901,
		"rut": "24385482-2"
	},
	{
		"company": "Molestie Arcu Limited",
		"country": "United States",
		"text": "Maecenas libero est, congue a, aliquet vel, vulputate eu, odio.",
		"url": "https://twitter.com",
		"cvv": 177,
		"rut": "49608777-1"
	},
	{
		"company": "Dictum Eu Ltd",
		"country": "Chile",
		"text": "Nunc ut erat. Sed nunc est, mollis non, cursus non,",
		"url": "http://baidu.com",
		"cvv": 381,
		"rut": "17485394-0"
	},
	{
		"company": "Sagittis Lobortis LLC",
		"country": "Pakistan",
		"text": "ac mattis ornare, lectus ante dictum mi, ac mattis velit",
		"url": "http://facebook.com",
		"cvv": 891,
		"rut": "17223689-8"
	},
	{
		"company": "Augue Ut Lacus Foundation",
		"country": "Norway",
		"text": "enim, condimentum eget, volutpat ornare, facilisis eget, ipsum. Donec sollicitudin",
		"url": "https://instagram.com",
		"cvv": 307,
		"rut": "15871103-6"
	},
	{
		"company": "Hendrerit Neque In Inc.",
		"country": "India",
		"text": "elit, pretium et, rutrum non, hendrerit id, ante. Nunc mauris",
		"url": "http://instagram.com",
		"cvv": 183,
		"rut": "18901229-2"
	},
	{
		"company": "Vel Venenatis Corp.",
		"country": "Vietnam",
		"text": "elit. Nulla facilisi. Sed neque. Sed eget lacus. Mauris non",
		"url": "http://google.com",
		"cvv": 759,
		"rut": "2423722-2"
	},
	{
		"company": "Metus Eu Erat Industries",
		"country": "Philippines",
		"text": "aliquet molestie tellus. Aenean egestas hendrerit neque. In ornare sagittis",
		"url": "https://cnn.com",
		"cvv": 175,
		"rut": "123416-1"
	},
	{
		"company": "Blandit LLP",
		"country": "Pakistan",
		"text": "Etiam ligula tortor, dictum eu, placerat eget, venenatis a, magna.",
		"url": "http://youtube.com",
		"cvv": 660,
		"rut": "33230637-5"
	},
	{
		"company": "Parturient Company",
		"country": "Ukraine",
		"text": "gravida nunc sed pede. Cum sociis natoque penatibus et magnis",
		"url": "https://reddit.com",
		"cvv": 210,
		"rut": "585365-6"
	},
	{
		"company": "Sit Amet Consectetuer Ltd",
		"country": "Pakistan",
		"text": "Quisque porttitor eros nec tellus. Nunc lectus pede, ultrices a,",
		"url": "https://reddit.com",
		"cvv": 802,
		"rut": "9827712-9"
	},
	{
		"company": "At Pretium Aliquet Inc.",
		"country": "Colombia",
		"text": "Suspendisse commodo tincidunt nibh. Phasellus nulla. Integer vulputate, risus a",
		"url": "https://instagram.com",
		"cvv": 684,
		"rut": "2690587-7"
	},
	{
		"company": "Ultricies Ornare PC",
		"country": "Philippines",
		"text": "et magnis dis parturient montes, nascetur ridiculus mus. Donec dignissim",
		"url": "http://ebay.com",
		"cvv": 622,
		"rut": "5844380-8"
	},
	{
		"company": "Elit Curabitur Institute",
		"country": "Brazil",
		"text": "id, libero. Donec consectetuer mauris id sapien. Cras dolor dolor,",
		"url": "http://bbc.co.uk",
		"cvv": 438,
		"rut": "35419371-k"
	},
	{
		"company": "Pede Suspendisse Dui Institute",
		"country": "Spain",
		"text": "massa. Mauris vestibulum, neque sed dictum eleifend, nunc risus varius",
		"url": "http://ebay.com",
		"cvv": 242,
		"rut": "8142307-5"
	},
	{
		"company": "Massa Lobortis Ultrices LLP",
		"country": "Singapore",
		"text": "Praesent luctus. Curabitur egestas nunc sed libero. Proin sed turpis",
		"url": "http://netflix.com",
		"cvv": 956,
		"rut": "27865427-3"
	},
	{
		"company": "In Consulting",
		"country": "United Kingdom",
		"text": "malesuada. Integer id magna et ipsum cursus vestibulum. Mauris magna.",
		"url": "http://cnn.com",
		"cvv": 789,
		"rut": "25316498-0"
	},
	{
		"company": "Gravida Nunc Sed LLC",
		"country": "Nigeria",
		"text": "sit amet ante. Vivamus non lorem vitae odio sagittis semper.",
		"url": "https://instagram.com",
		"cvv": 808,
		"rut": "3898575-2"
	},
	{
		"company": "Mauris Sit Associates",
		"country": "Russian Federation",
		"text": "iaculis nec, eleifend non, dapibus rutrum, justo. Praesent luctus. Curabitur",
		"url": "http://whatsapp.com",
		"cvv": 319,
		"rut": "43573749-8"
	},
	{
		"company": "Enim Mauris Quis Institute",
		"country": "Chile",
		"text": "fermentum metus. Aenean sed pede nec ante blandit viverra. Donec",
		"url": "https://walmart.com",
		"cvv": 374,
		"rut": "23411300-3"
	},
	{
		"company": "Magna Tellus Limited",
		"country": "Pakistan",
		"text": "Cras sed leo. Cras vehicula aliquet libero. Integer in magna.",
		"url": "http://nytimes.com",
		"cvv": 164,
		"rut": "9514420-9"
	},
	{
		"company": "Sit Amet PC",
		"country": "Vietnam",
		"text": "semper tellus id nunc interdum feugiat. Sed nec metus facilisis",
		"url": "https://guardian.co.uk",
		"cvv": 187,
		"rut": "12920308-0"
	},
	{
		"company": "Aenean Eget Magna Ltd",
		"country": "Italy",
		"text": "Maecenas libero est, congue a, aliquet vel, vulputate eu, odio.",
		"url": "https://google.com",
		"cvv": 194,
		"rut": "31969321-1"
	},
	{
		"company": "Est Ltd",
		"country": "Germany",
		"text": "id, mollis nec, cursus a, enim. Suspendisse aliquet, sem ut",
		"url": "http://ebay.com",
		"cvv": 389,
		"rut": "35205878-5"
	},
	{
		"company": "Lacus Industries",
		"country": "India",
		"text": "cursus vestibulum. Mauris magna. Duis dignissim tempor arcu. Vestibulum ut",
		"url": "https://reddit.com",
		"cvv": 127,
		"rut": "37898688-5"
	},
	{
		"company": "A Dui Cras Foundation",
		"country": "Philippines",
		"text": "iaculis quis, pede. Praesent eu dui. Cum sociis natoque penatibus",
		"url": "http://reddit.com",
		"cvv": 801,
		"rut": "38895922-3"
	},
	{
		"company": "Non Quam Pellentesque Associates",
		"country": "Ukraine",
		"text": "mi. Duis risus odio, auctor vitae, aliquet nec, imperdiet nec,",
		"url": "http://ebay.com",
		"cvv": 658,
		"rut": "2592538-6"
	},
	{
		"company": "Velit Egestas LLP",
		"country": "Italy",
		"text": "urna. Nunc quis arcu vel quam dignissim pharetra. Nam ac",
		"url": "https://cnn.com",
		"cvv": 504,
		"rut": "47207761-9"
	},
	{
		"company": "Ligula Associates",
		"country": "Ukraine",
		"text": "est, mollis non, cursus non, egestas a, dui. Cras pellentesque.",
		"url": "https://instagram.com",
		"cvv": 463,
		"rut": "24138905-7"
	},
	{
		"company": "Eu Metus Associates",
		"country": "Ireland",
		"text": "natoque penatibus et magnis dis parturient montes, nascetur ridiculus mus.",
		"url": "https://cnn.com",
		"cvv": 639,
		"rut": "11691719-k"
	},
	{
		"company": "Nonummy Fusce Industries",
		"country": "Italy",
		"text": "semper. Nam tempor diam dictum sapien. Aenean massa. Integer vitae",
		"url": "https://netflix.com",
		"cvv": 822,
		"rut": "2758832-8"
	},
	{
		"company": "Dis Parturient Montes Limited",
		"country": "United States",
		"text": "amet, consectetuer adipiscing elit. Aliquam auctor, velit eget laoreet posuere,",
		"url": "https://ebay.com",
		"cvv": 712,
		"rut": "31602657-5"
	},
	{
		"company": "Ante Ipsum Primis Institute",
		"country": "France",
		"text": "pede, ultrices a, auctor non, feugiat nec, diam. Duis mi",
		"url": "https://facebook.com",
		"cvv": 494,
		"rut": "35500441-4"
	},
	{
		"company": "Nullam Velit PC",
		"country": "Italy",
		"text": "tempor augue ac ipsum. Phasellus vitae mauris sit amet lorem",
		"url": "https://cnn.com",
		"cvv": 302,
		"rut": "48803111-2"
	},
	{
		"company": "Nisi Corporation",
		"country": "Canada",
		"text": "tortor, dictum eu, placerat eget, venenatis a, magna. Lorem ipsum",
		"url": "https://whatsapp.com",
		"cvv": 237,
		"rut": "12433640-6"
	},
	{
		"company": "Curabitur Sed Industries",
		"country": "Canada",
		"text": "tincidunt nibh. Phasellus nulla. Integer vulputate, risus a ultricies adipiscing,",
		"url": "http://wikipedia.org",
		"cvv": 934,
		"rut": "18136484-k"
	},
	{
		"company": "Scelerisque Lorem Ltd",
		"country": "Spain",
		"text": "a, magna. Lorem ipsum dolor sit amet, consectetuer adipiscing elit.",
		"url": "http://youtube.com",
		"cvv": 902,
		"rut": "23775547-2"
	},
	{
		"company": "Blandit At Incorporated",
		"country": "Ukraine",
		"text": "lacus. Quisque imperdiet, erat nonummy ultricies ornare, elit elit fermentum",
		"url": "https://ebay.com",
		"cvv": 864,
		"rut": "26733878-7"
	},
	{
		"company": "Dolor Tempus Non Limited",
		"country": "Ukraine",
		"text": "quam. Curabitur vel lectus. Cum sociis natoque penatibus et magnis",
		"url": "https://wikipedia.org",
		"cvv": 601,
		"rut": "13534912-7"
	},
	{
		"company": "Consectetuer Ipsum LLP",
		"country": "China",
		"text": "eget ipsum. Suspendisse sagittis. Nullam vitae diam. Proin dolor. Nulla",
		"url": "http://youtube.com",
		"cvv": 156,
		"rut": "31116163-6"
	},
	{
		"company": "Imperdiet Nec Corporation",
		"country": "Germany",
		"text": "varius et, euismod et, commodo at, libero. Morbi accumsan laoreet",
		"url": "https://nytimes.com",
		"cvv": 772,
		"rut": "4073925-4"
	},
	{
		"company": "Malesuada Ltd",
		"country": "Poland",
		"text": "ornare, facilisis eget, ipsum. Donec sollicitudin adipiscing ligula. Aenean gravida",
		"url": "https://whatsapp.com",
		"cvv": 188,
		"rut": "7486341-8"
	},
	{
		"company": "Id Ante Corporation",
		"country": "United Kingdom",
		"text": "urna convallis erat, eget tincidunt dui augue eu tellus. Phasellus",
		"url": "https://baidu.com",
		"cvv": 429,
		"rut": "10462960-1"
	},
	{
		"company": "Orci Quis Lectus PC",
		"country": "Vietnam",
		"text": "nec, malesuada ut, sem. Nulla interdum. Curabitur dictum. Phasellus in",
		"url": "http://ebay.com",
		"cvv": 409,
		"rut": "14113660-7"
	},
	{
		"company": "Fusce Aliquam Enim Ltd",
		"country": "India",
		"text": "nunc interdum feugiat. Sed nec metus facilisis lorem tristique aliquet.",
		"url": "https://baidu.com",
		"cvv": 868,
		"rut": "26243150-9"
	},
	{
		"company": "Erat Vitae Inc.",
		"country": "China",
		"text": "nibh dolor, nonummy ac, feugiat non, lobortis quis, pede. Suspendisse",
		"url": "https://google.com",
		"cvv": 550,
		"rut": "33772740-9"
	},
	{
		"company": "Ullamcorper LLP",
		"country": "South Korea",
		"text": "consequat enim diam vel arcu. Curabitur ut odio vel est",
		"url": "https://ebay.com",
		"cvv": 460,
		"rut": "15462848-7"
	},
	{
		"company": "Ipsum Primis Associates",
		"country": "Poland",
		"text": "at sem molestie sodales. Mauris blandit enim consequat purus. Maecenas",
		"url": "http://pinterest.com",
		"cvv": 955,
		"rut": "44591684-6"
	},
	{
		"company": "Ridiculus Ltd",
		"country": "Ireland",
		"text": "Donec felis orci, adipiscing non, luctus sit amet, faucibus ut,",
		"url": "https://ebay.com",
		"cvv": 574,
		"rut": "47543107-3"
	},
	{
		"company": "Tortor At Risus Associates",
		"country": "India",
		"text": "libero at auctor ullamcorper, nisl arcu iaculis enim, sit amet",
		"url": "http://cnn.com",
		"cvv": 170,
		"rut": "26354703-9"
	},
	{
		"company": "Mauris Erat Industries",
		"country": "India",
		"text": "vel, convallis in, cursus et, eros. Proin ultrices. Duis volutpat",
		"url": "https://whatsapp.com",
		"cvv": 785,
		"rut": "38312634-7"
	},
	{
		"company": "Facilisis Non Bibendum Foundation",
		"country": "Mexico",
		"text": "semper cursus. Integer mollis. Integer tincidunt aliquam arcu. Aliquam ultrices",
		"url": "https://nytimes.com",
		"cvv": 156,
		"rut": "4384459-8"
	},
	{
		"company": "Neque PC",
		"country": "Austria",
		"text": "cursus purus. Nullam scelerisque neque sed sem egestas blandit. Nam",
		"url": "http://guardian.co.uk",
		"cvv": 320,
		"rut": "29499927-2"
	},
	{
		"company": "Eleifend Nec Associates",
		"country": "Ukraine",
		"text": "dictum magna. Ut tincidunt orci quis lectus. Nullam suscipit, est",
		"url": "https://facebook.com",
		"cvv": 469,
		"rut": "14746922-5"
	},
	{
		"company": "Morbi Sit Amet Industries",
		"country": "Philippines",
		"text": "sit amet nulla. Donec non justo. Proin non massa non",
		"url": "https://yahoo.com",
		"cvv": 688,
		"rut": "14328141-8"
	},
	{
		"company": "Ut Ltd",
		"country": "Turkey",
		"text": "sagittis placerat. Cras dictum ultricies ligula. Nullam enim. Sed nulla",
		"url": "http://cnn.com",
		"cvv": 179,
		"rut": "37646250-1"
	},
	{
		"company": "Diam At PC",
		"country": "Spain",
		"text": "dolor. Fusce mi lorem, vehicula et, rutrum eu, ultrices sit",
		"url": "https://zoom.us",
		"cvv": 806,
		"rut": "42395411-6"
	},
	{
		"company": "Proin Vel Arcu Inc.",
		"country": "Nigeria",
		"text": "sed tortor. Integer aliquam adipiscing lacus. Ut nec urna et",
		"url": "http://naver.com",
		"cvv": 220,
		"rut": "2919897-7"
	},
	{
		"company": "Nec Consulting",
		"country": "South Africa",
		"text": "sit amet diam eu dolor egestas rhoncus. Proin nisl sem,",
		"url": "http://wikipedia.org",
		"cvv": 206,
		"rut": "7947854-7"
	},
	{
		"company": "Eu Tellus LLP",
		"country": "Indonesia",
		"text": "mi. Duis risus odio, auctor vitae, aliquet nec, imperdiet nec,",
		"url": "http://zoom.us",
		"cvv": 319,
		"rut": "46194371-3"
	},
	{
		"company": "Netus Et Corp.",
		"country": "Colombia",
		"text": "tincidunt tempus risus. Donec egestas. Duis ac arcu. Nunc mauris.",
		"url": "https://whatsapp.com",
		"cvv": 391,
		"rut": "16738372-6"
	},
	{
		"company": "Fusce Mollis Duis LLC",
		"country": "United Kingdom",
		"text": "lacinia. Sed congue, elit sed consequat auctor, nunc nulla vulputate",
		"url": "https://netflix.com",
		"cvv": 559,
		"rut": "365830-9"
	},
	{
		"company": "Leo Cras Vehicula Institute",
		"country": "Vietnam",
		"text": "tellus justo sit amet nulla. Donec non justo. Proin non",
		"url": "https://instagram.com",
		"cvv": 375,
		"rut": "24168713-9"
	},
	{
		"company": "Vitae Corp.",
		"country": "Singapore",
		"text": "arcu. Vivamus sit amet risus. Donec egestas. Aliquam nec enim.",
		"url": "http://youtube.com",
		"cvv": 912,
		"rut": "50209946-9"
	},
	{
		"company": "Lectus Nullam Suscipit Associates",
		"country": "Vietnam",
		"text": "vitae sodales nisi magna sed dui. Fusce aliquam, enim nec",
		"url": "http://netflix.com",
		"cvv": 719,
		"rut": "46527660-6"
	}
]